id;cod_depto;departamento ;cod_mun;municipio;cobertura_bcg;cobertura_pentavalente;cobertura_antipolio;cobertura_antirotavirica;cobertura_antiamarilica;Unamed: 15;Unamed: 16;Unamed: 17;Unamed: 18;Unamed: 19
1;1;CHUQUISACA;10101;SUCRE                         ;1,169,257,781;1,088,201,413;108,772,924;1,060,185,814;1,054,758,226;NaN;NaN;NaN;NaN;NaN
2;1;CHUQUISACA;10102;YOTALA                        ;0,558028914;0,606745724;0,606745724;0,668748937;0,599645146;NaN;NaN;NaN;NaN;NaN
3;1;CHUQUISACA;10103;POROMA                        ;0,661265675;0,704236008;0,704236008;0,689912564;0,579414035;NaN;NaN;NaN;NaN;NaN
4;1;CHUQUISACA;10201;AZURDUY                       ;0,73510127;0,822518718;0,822518718;0,786757035;0,773139622;NaN;NaN;NaN;NaN;NaN
5;1;CHUQUISACA;10202;TARVITA                       ;0,605449642;0,739004711;0,739004711;0,66480745;0,750117822;NaN;NaN;NaN;NaN;NaN
6;1;CHUQUISACA;10301;ZUDAÑEZ                       ;0,379357014;0,525263558;0,525263558;0,514320568;0,417064071;NaN;NaN;NaN;NaN;NaN
7;1;CHUQUISACA;10302;PRESTO                        ;0,399713541;0,564884426;0,564884426;0,488905819;0,573180437;NaN;NaN;NaN;NaN;NaN
8;1;CHUQUISACA;10303;MOJOCOYA                      ;0,532369488;0,704606676;0,704606676;0,610659119;0,622922933;NaN;NaN;NaN;NaN;NaN
9;1;CHUQUISACA;10304;ICLA                          ;0,665525459;0,781029878;0,781029878;0,731527984;0,733680553;NaN;NaN;NaN;NaN;NaN
10;1;CHUQUISACA;10401;PADILLA                       ;0,9528546;0,609665443;0,609665443;0,593515365;0,619563387;NaN;NaN;NaN;NaN;NaN
11;1;CHUQUISACA;10402;TOMINA                        ;0,668017087;0,902321588;0,902321588;0,827543556;0,769988446;NaN;NaN;NaN;NaN;NaN
12;1;CHUQUISACA;10403;SOPACHUY                      ;0,703342965;0,749088849;0,731934143;0,720497672;0,653800915;NaN;NaN;NaN;NaN;NaN
13;1;CHUQUISACA;10404;ALCALA                        ;0,383023765;0,578791467;0,578791467;0,493675075;0,495135905;NaN;NaN;NaN;NaN;NaN
14;1;CHUQUISACA;10405;EL VILLAR                     ;0,471754164;0,754806662;0,754806662;0,679325996;0,681343201;NaN;NaN;NaN;NaN;NaN
15;1;CHUQUISACA;10501;MONTEAGUDO                    ;0,967148512;0,816779132;0,825322847;0,80994416;0,817483027;NaN;NaN;NaN;NaN;NaN
16;1;CHUQUISACA;10502;HUACARETA                     ;0,630106978;1,019,441,371;1,019,441,371;0,932353414;0,960825329;NaN;NaN;NaN;NaN;NaN
17;1;CHUQUISACA;10601;TARABUCO                      ;0,692496501;0,828973913;0,831501273;0,700078579;0,621018013;NaN;NaN;NaN;NaN;NaN
18;1;CHUQUISACA;10602;YAMPARAEZ                     ;0,341567396;0,530869809;0,530869809;0,432103333;0,491155626;NaN;NaN;NaN;NaN;NaN
19;1;CHUQUISACA;10701;CAMARGO                       ;0,913376678;0,734900776;0,734900776;0,716528256;0,750221574;NaN;NaN;NaN;NaN;NaN
20;1;CHUQUISACA;10702;SAN LUCAS                     ;0,743163267;0,78993578;0,78993578;0,775644179;0,645005425;NaN;NaN;NaN;NaN;NaN
21;1;CHUQUISACA;10703;INCAHUASI                     ;0,647063194;0,82382192;0,82382192;0,789101456;0,554000019;NaN;NaN;NaN;NaN;NaN
22;1;CHUQUISACA;10704;VILLA CHARCAS                 ;0,564394582;0,761038848;0,761038848;0,666547447;0,791449219;NaN;NaN;NaN;NaN;NaN
23;1;CHUQUISACA;10801;VILLA SERRANO                 ;0,403581902;0,765674076;0,765674076;0,611030544;0,65823504;NaN;NaN;NaN;NaN;NaN
24;1;CHUQUISACA;10901;CAMATAQUI (C. VILLA ABECIA)   ;0,382690807;0,5218511;0,5218511;0,568237865;0,523392963;NaN;NaN;NaN;NaN;NaN
25;1;CHUQUISACA;10902;CULPINA                       ;0,821205809;1,036,565,258;1,036,565,258;0,878003906;0,716802087;NaN;NaN;NaN;NaN;NaN
26;1;CHUQUISACA;10903;LAS CARRERAS                  ;0,607863877;0,911795815;0,911795815;0,699043458;0,599506499;NaN;NaN;NaN;NaN;NaN
27;1;CHUQUISACA;11001;VILLA VACA GUZMAN (MUYUPAMPA) ;0,613557813;0,888157114;0,896738342;0,870994657;0,753093756;NaN;NaN;NaN;NaN;NaN
28;1;CHUQUISACA;11002;HUACAYA (VILLA DE HUACAYA)    ;0,775673804;1,188,266,253;1,188,266,253;1,105,747,763;0,943540904;NaN;NaN;NaN;NaN;NaN
29;1;CHUQUISACA;11003;MACHARETI                     ;0,401664899;0,950418352;0,9447611;0,820301554;0,930573206;NaN;NaN;NaN;NaN;NaN
30;2;LA PAZ    ;20101;LA PAZ                        ;133,878,187;0,925290775;0,923138494;0,954030052;0,821490239;NaN;NaN;NaN;NaN;NaN
31;2;LA PAZ    ;20102;PALCA                         ;0,899578237;1,137,531,191;1,134,629,325;1,111,414,403;1,429,384,937;NaN;NaN;NaN;NaN;NaN
32;2;LA PAZ    ;20103;MECAPACA                      ;0,428414866;0,613675348;0,590517788;0,596307178;0,58779462;NaN;NaN;NaN;NaN;NaN
33;2;LA PAZ    ;20104;ACHOCALLA                     ;0,468878339;0,779262592;0,777061285;0,911340997;0,913898754;NaN;NaN;NaN;NaN;NaN
34;2;LA PAZ    ;20105;EL ALTO                       ;1,174,801,811;1,006,620,601;1,006,844,842;1,011,834,218;1,007,641,834;NaN;NaN;NaN;NaN;NaN
35;2;LA PAZ    ;20201;ACHACACHI                     ;0,789604872;0,608941577;0,608941577;0,647199686;0,629216725;NaN;NaN;NaN;NaN;NaN
36;2;LA PAZ    ;20202;ANCORAIMES                    ;0,806517825;0,776226075;0,772439607;0,745934326;0,875446861;NaN;NaN;NaN;NaN;NaN
37;2;LA PAZ    ;20203;CHUA COCANI                   ;0,429916355;0,552749599;0,552749599;0,460624666;0,637968778;NaN;NaN;NaN;NaN;NaN
38;2;LA PAZ    ;20204;HUARINA                       ;0,459707685;0,521002044;0,521002044;0,533260915;0,536033302;NaN;NaN;NaN;NaN;NaN
39;2;LA PAZ    ;20205;SANTIAGO DE HUATA             ;0,484604686;0,433890242;0,433890242;0,400080613;0,589084976;NaN;NaN;NaN;NaN;NaN
40;2;LA PAZ    ;20206;HUATAJATA                     ;0,251986753;0,467975399;0,467975399;0,395979184;0,566908948;NaN;NaN;NaN;NaN;NaN
41;2;LA PAZ    ;20301;CORO CORO                     ;0,403998753;0,591569602;0,591569602;0,581950584;0,614036491;NaN;NaN;NaN;NaN;NaN
42;2;LA PAZ    ;20302;CAQUIAVIRI                    ;0,392295441;0,388998841;0,388998841;0,362626038;0,543480167;NaN;NaN;NaN;NaN;NaN
43;2;LA PAZ    ;20303;CALACOTO                      ;0,25640788;0,335302612;0,335302612;0,32544077;0,272632759;NaN;NaN;NaN;NaN;NaN
44;2;LA PAZ    ;20304;COMANCHE                      ;0,353515746;0,517648057;0,517648057;0,517648057;0,494979896;NaN;NaN;NaN;NaN;NaN
45;2;LA PAZ    ;20305;CHARAÑA                       ;0,445836007;0,490419608;0,490419608;0,535003208;0,37347908;NaN;NaN;NaN;NaN;NaN
46;2;LA PAZ    ;20306;WALDO BALLIVIAN               ;0,31819131;0,374342718;0,374342718;0,346267014;0,282233338;NaN;NaN;NaN;NaN;NaN
47;2;LA PAZ    ;20307;NAZACARA DE PACAJES           ;0,675916604;0,600814759;0,600814759;0,30040738;1,434,497,363;NaN;NaN;NaN;NaN;NaN
48;2;LA PAZ    ;20308;SANTIAGO DE CALLAPA           ;0,351503032;0,3377186;0,344610816;0,330826383;0,415723079;NaN;NaN;NaN;NaN;NaN
49;2;LA PAZ    ;20401;PUERTO ACOSTA                 ;0,66906993;0,793135877;0,793135877;0,744395683;0,730471973;NaN;NaN;NaN;NaN;NaN
50;2;LA PAZ    ;20402;MOCOMOCO                      ;0,688766607;0,679416834;0,679416834;0,63578456;0,698663183;NaN;NaN;NaN;NaN;NaN
51;2;LA PAZ    ;20403;PUERTO CARABUCO               ;0,673344053;0,721440057;0,721440057;0,680214911;0,742508334;NaN;NaN;NaN;NaN;NaN
52;2;LA PAZ    ;20404;HUMANATA                      ;0,539860817;0,716711774;0,716711774;0,586400542;0,533334686;NaN;NaN;NaN;NaN;NaN
53;2;LA PAZ    ;20405;ESCOMA                        ;0,758109283;0,461757472;0,461757472;0,496216985;0,602725141;NaN;NaN;NaN;NaN;NaN
54;2;LA PAZ    ;20501;CHUMA                         ;0,626338621;0,600241178;0,600241178;0,595891604;0,734577647;NaN;NaN;NaN;NaN;NaN
55;2;LA PAZ    ;20502;AYATA                         ;0,765710926;0,82952017;0,83532101;0,748308405;0,886374112;NaN;NaN;NaN;NaN;NaN
56;2;LA PAZ    ;20503;AUCAPATA                      ;0,632575661;0,632575661;0,641361434;0,641361434;0,803736498;NaN;NaN;NaN;NaN;NaN
57;2;LA PAZ    ;20601;SORATA                        ;0,613000559;0,722248183;0,724271288;0,718201975;0,734186052;NaN;NaN;NaN;NaN;NaN
58;2;LA PAZ    ;20602;GUANAY                        ;0,903555772;1,116,536,775;1,090,720,896;1,035,862,153;112,247,549;NaN;NaN;NaN;NaN;NaN
59;2;LA PAZ    ;20603;TACACOMA                      ;0,670731112;0,834039557;0,834039557;0,705725779;0,633254348;NaN;NaN;NaN;NaN;NaN
60;2;LA PAZ    ;20604;QUIABAYA                      ;1,105,050,308;1,068,215,297;1,068,215,297;0,994545277;0,944251344;NaN;NaN;NaN;NaN;NaN
61;2;LA PAZ    ;20605;COMBAYA                       ;0,74398864;0,602887346;0,602887346;0,692679078;0,644745783;NaN;NaN;NaN;NaN;NaN
62;2;LA PAZ    ;20606;TIPUANI                       ;0,62183275;1,083,349,244;1,073,633,107;0,986187876;1,142,807,719;NaN;NaN;NaN;NaN;NaN
63;2;LA PAZ    ;20607;MAPIRI                        ;0,857525481;1,210,217,412;1,220,590,704;119,984,412;1,366,118,012;NaN;NaN;NaN;NaN;NaN
64;2;LA PAZ    ;20608;TEOPONTE                      ;1,144,336,856;1,471,290,243;1,445,747,009;1,476,398,889;1,705,111,537;NaN;NaN;NaN;NaN;NaN
65;2;LA PAZ    ;20701;APOLO                         ;0,770855353;0,841146114;0,841146114;0,728680896;0,965735953;NaN;NaN;NaN;NaN;NaN
66;2;LA PAZ    ;20702;PELECHUCO                     ;0,905938297;0,991538766;0,991538766;0,955871904;1,061,399,971;NaN;NaN;NaN;NaN;NaN
67;2;LA PAZ    ;20801;VIACHA                        ;0,561515323;0,782630165;0,790776501;0,805905412;0,860421835;NaN;NaN;NaN;NaN;NaN
68;2;LA PAZ    ;20802;GUAQUI                        ;0,507833101;0,622941938;0,622941938;0,690653018;0,694266794;NaN;NaN;NaN;NaN;NaN
69;2;LA PAZ    ;20803;TIAWANACU                     ;0,685714779;0,813289622;0,813289622;0,857143474;0,733384216;NaN;NaN;NaN;NaN;NaN
70;2;LA PAZ    ;20804;DESAGUADERO                   ;0,625412446;0,571028755;0,577826716;0,666200214;0,744854309;NaN;NaN;NaN;NaN;NaN
71;2;LA PAZ    ;20805;SAN ANDRES DE MACHACA         ;0,516514856;0,516514856;0,516514856;0,524585401;0,356962549;NaN;NaN;NaN;NaN;NaN
72;2;LA PAZ    ;20806;JESUS DE MACHACA              ;0,559941891;0,579474747;0,569708319;0,60226308;0,530140386;NaN;NaN;NaN;NaN;NaN
73;2;LA PAZ    ;20807;TARACO                        ;0,490572043;0,505437862;0,505437862;0,527736592;0,448305886;NaN;NaN;NaN;NaN;NaN
74;2;LA PAZ    ;20901;LURIBAY                       ;0,444999207;0,693171841;0,693171841;0,701729518;0,726919542;NaN;NaN;NaN;NaN;NaN
75;2;LA PAZ    ;20902;SAPAHAQUI                     ;0,531612198;0,492523065;0,488614152;0,555065677;0,522611661;NaN;NaN;NaN;NaN;NaN
76;2;LA PAZ    ;20903;YACO                          ;0,681088046;0,834666723;0,814634721;0,761216051;0,946464094;NaN;NaN;NaN;NaN;NaN
77;2;LA PAZ    ;20904;MALLA                         ;0,223579875;0,3577278;0,3577278;0,32195502;0,440529548;NaN;NaN;NaN;NaN;NaN
78;2;LA PAZ    ;20905;CAIROMA                       ;0,709291831;0,885513404;0,885513404;0,815024774;0,885750033;NaN;NaN;NaN;NaN;NaN
79;2;LA PAZ    ;21001;INQUISIVI                     ;0,643111041;0,6795761;0,6795761;0,67294609;0,723164654;NaN;NaN;NaN;NaN;NaN
80;2;LA PAZ    ;21002;QUIME                         ;0,915382069;0,909588512;0,903794954;0,955936971;110,662,743;NaN;NaN;NaN;NaN;NaN
81;2;LA PAZ    ;21003;CAJUATA                       ;0,829060508;0,998438461;0,985066517;0,971694574;0,89169302;NaN;NaN;NaN;NaN;NaN
82;2;LA PAZ    ;21004;COLQUIRI                      ;0,936611304;0,904569338;0,899639805;1,042,596,267;0,872206589;NaN;NaN;NaN;NaN;NaN
83;2;LA PAZ    ;21005;ICHOCA                        ;0,409106985;0,390788762;0,390788762;0,366364464;0,319193703;NaN;NaN;NaN;NaN;NaN
84;2;LA PAZ    ;21006;LICOMA PAMPA                  ;0,211386243;0,440388006;0,440388006;0,361118165;0,513545676;NaN;NaN;NaN;NaN;NaN
85;2;LA PAZ    ;21101;CHULUMANI (V. DE LA LIBERTAD) ;0,856222099;0,951932726;0,951932726;0,931238537;0,930920161;NaN;NaN;NaN;NaN;NaN
86;2;LA PAZ    ;21102;IRUPANA (VILLA DE LANZA)      ;0,600230214;0,733917853;0,733917853;0,701178023;0,80362837;NaN;NaN;NaN;NaN;NaN
87;2;LA PAZ    ;21103;YANACACHI                     ;0,401447479;0,626821503;0,626821503;0,654993255;0,708036491;NaN;NaN;NaN;NaN;NaN
88;2;LA PAZ    ;21104;PALOS BLANCOS                 ;0,843360193;1,105,225,459;1,105,225,459;1,091,747,099;125,627,634;NaN;NaN;NaN;NaN;NaN
89;2;LA PAZ    ;21105;LA ASUNTA                     ;119,838,575;1,231,840,188;1,231,840,188;1,299,943,865;1,169,887,201;NaN;NaN;NaN;NaN;NaN
90;2;LA PAZ    ;21201;PUCARANI                      ;0,856507684;0,946935786;0,948641976;0,923049117;0,902129748;NaN;NaN;NaN;NaN;NaN
91;2;LA PAZ    ;21202;LAJA                          ;0,555685487;0,547858931;0,54981557;0,583078434;0,609729649;NaN;NaN;NaN;NaN;NaN
92;2;LA PAZ    ;21203;BATALLAS                      ;0,73176282;0,740439849;0,737547506;0,79539437;0,747224917;NaN;NaN;NaN;NaN;NaN
93;2;LA PAZ    ;21204;PUERTO PEREZ                  ;0,561224378;0,650781459;0,650781459;0,626899571;0,54614855;NaN;NaN;NaN;NaN;NaN
94;2;LA PAZ    ;21301;SICA SICA (VILLA AROMA)       ;0,450343857;0,515791753;0,492417505;0,554748834;0,593695849;NaN;NaN;NaN;NaN;NaN
95;2;LA PAZ    ;21302;UMALA                         ;0,668785626;0,817404654;0,811688537;0,851701352;0,815960233;NaN;NaN;NaN;NaN;NaN
96;2;LA PAZ    ;21303;AYO AYO                       ;0,846036471;0,770833229;0,789634039;0,82723566;0,812675092;NaN;NaN;NaN;NaN;NaN
97;2;LA PAZ    ;21304;CALAMARCA                     ;0,729141432;0,733125812;0,733125812;0,796875882;0,841110114;NaN;NaN;NaN;NaN;NaN
98;2;LA PAZ    ;21305;PATACAMAYA                    ;1,185,426,143;0,961559695;0,963691757;1,016,993,292;0,930158271;NaN;NaN;NaN;NaN;NaN
99;2;LA PAZ    ;21306;COLQUENCHA                    ;0,635980337;0,708802513;0,713657325;0,733076572;0,736929255;NaN;NaN;NaN;NaN;NaN
100;2;LA PAZ    ;21307;COLLANA                       ;0,550585873;0,480511308;0,470500655;0,600639135;0,543393758;NaN;NaN;NaN;NaN;NaN
101;2;LA PAZ    ;21401;COROICO                       ;0,670467458;0,747162998;0,747162998;0,724896551;0,686441816;NaN;NaN;NaN;NaN;NaN
102;2;LA PAZ    ;21402;CORIPATA                      ;0,717066891;0,947751201;0,947751201;0,900502608;1,061,671,522;NaN;NaN;NaN;NaN;NaN
103;2;LA PAZ    ;21501;IXIAMAS                       ;1,066,821,378;0,943131943;0,943131943;1,097,743,737;1,616,538,429;NaN;NaN;NaN;NaN;NaN
104;2;LA PAZ    ;21502;SAN BUENA VENTURA             ;1,320,880,524;1,172,898,059;1,172,898,059;1,211,263,883;1,432,552,933;NaN;NaN;NaN;NaN;NaN
105;2;LA PAZ    ;21601;GRAL. J.J. PEREZ  (CHARAZANI) ;0,688370216;0,774416493;0,740746211;0,707075928;0,684474736;NaN;NaN;NaN;NaN;NaN
106;2;LA PAZ    ;21602;CURVA                         ;0,599680191;0,65679259;0,65679259;0,585402091;0,803770235;NaN;NaN;NaN;NaN;NaN
107;2;LA PAZ    ;21701;COPACABANA                    ;0,685946854;0,580921499;0,577639456;0,620306007;0,626839816;NaN;NaN;NaN;NaN;NaN
108;2;LA PAZ    ;21702;SAN PEDRO DE TIQUINA          ;0,464283441;0,455992665;0,464283441;0,56377275;0,641707795;NaN;NaN;NaN;NaN;NaN
109;2;LA PAZ    ;21703;TITO YUPANQUI (PARQUIPUJIO)   ;0,062023813;0,100788697;0,100788697;0,09303572;0,124695715;NaN;NaN;NaN;NaN;NaN
110;2;LA PAZ    ;21801;SAN PEDRO DE CURAHUARA        ;0,513710826;0,602091183;0,602091183;0,673900223;0,549748718;NaN;NaN;NaN;NaN;NaN
111;2;LA PAZ    ;21802;PAPEL PAMPA                   ;0,407033715;0,565707875;0,565707875;0,538112369;0,631119158;NaN;NaN;NaN;NaN;NaN
112;2;LA PAZ    ;21803;CHACARILLA                    ;0,399091135;0,352139237;0,352139237;0,25823544;0,330412625;NaN;NaN;NaN;NaN;NaN
113;2;LA PAZ    ;21901;SANTIAGO DE MACHACA           ;0,388271076;0,636333152;0,636333152;0,711830306;0,487884045;NaN;NaN;NaN;NaN;NaN
114;2;LA PAZ    ;21902;CATACORA                      ;0,123495273;0,262427455;0,262427455;0,185242909;0,294846172;NaN;NaN;NaN;NaN;NaN
115;2;LA PAZ    ;22001;CARANAVI                      ;122,095,049;1,032,449,513;1,032,449,513;1,001,830,065;107,446,203;NaN;NaN;NaN;NaN;NaN
116;2;LA PAZ    ;22002;ALTO BENI                     ;0,514215056;1,036,929,535;1,041,179,246;0,91368791;1,123,637,329;NaN;NaN;NaN;NaN;NaN
117;3;COCHABAMBA;30101;COCHABAMBA                    ;1,401,596,113;1,017,716,017;101,812,267;1,053,569,225;0,940498081;NaN;NaN;NaN;NaN;NaN
118;3;COCHABAMBA;30201;AIQUILE                       ;1,042,530,595;0,814829869;0,809184397;0,955966683;0,767400809;NaN;NaN;NaN;NaN;NaN
119;3;COCHABAMBA;30202;PASORAPA                      ;0,178237887;0,260991192;0,260991192;0,229162998;0,281341044;NaN;NaN;NaN;NaN;NaN
120;3;COCHABAMBA;30203;OMEREQUE                      ;0,613060109;0,845867746;0,845867746;0,900189527;0,919784285;NaN;NaN;NaN;NaN;NaN
121;3;COCHABAMBA;30301;AYOPAYA (V. DE INDEPENDENCIA) ;0,734744018;0,848914768;0,850756231;0,85996355;0,88598058;NaN;NaN;NaN;NaN;NaN
122;3;COCHABAMBA;30302;MOROCHATA                     ;0,64370662;0,733687115;0,726765539;0,716383174;0,656990137;NaN;NaN;NaN;NaN;NaN
123;3;COCHABAMBA;30303;COCAPATA                      ;0,68635748;0,860297389;0,860297389;0,841493075;0,84762209;NaN;NaN;NaN;NaN;NaN
124;3;COCHABAMBA;30401;TARATA                        ;0,712070462;0,977768395;0,983082354;0,99902423;1,174,237,681;NaN;NaN;NaN;NaN;NaN
125;3;COCHABAMBA;30402;ANZALDO                       ;0,68523632;0,68523632;0,68523632;0,807599948;0,841882865;NaN;NaN;NaN;NaN;NaN
126;3;COCHABAMBA;30403;ARBIETO                       ;0,657174391;0,86554676;0,86554676;0,888444822;0,922225633;NaN;NaN;NaN;NaN;NaN
127;3;COCHABAMBA;30404;SACABAMBA                     ;0,634552681;0,755419858;0,755419858;0,765492123;0,930713895;NaN;NaN;NaN;NaN;NaN
128;3;COCHABAMBA;30501;ARANI                         ;0,836842275;0,850712589;0,850712589;0,846089151;0,905520129;NaN;NaN;NaN;NaN;NaN
129;3;COCHABAMBA;30502;VACAS                         ;0,711572608;0,73627999;0,73627999;0,681923749;0,719655227;NaN;NaN;NaN;NaN;NaN
130;3;COCHABAMBA;30601;ARQUE                         ;0,86224265;0,874678842;0,874678842;0,936859803;0,749458392;NaN;NaN;NaN;NaN;NaN
131;3;COCHABAMBA;30602;TACOPAYA                      ;0,613268684;0,583248539;0,583248539;0,540362617;0,525513228;NaN;NaN;NaN;NaN;NaN
132;3;COCHABAMBA;30701;CAPINOTA                      ;0,757313124;0,843421613;0,847837433;0,861084893;0,89371162;NaN;NaN;NaN;NaN;NaN
133;3;COCHABAMBA;30702;SANTIVAÑES                    ;0,485435299;0,728152949;0,728152949;0,774072504;0,869700523;NaN;NaN;NaN;NaN;NaN
134;3;COCHABAMBA;30703;SICAYA                        ;0,509283293;0,804667603;0,774110606;0,560211623;0,798038769;NaN;NaN;NaN;NaN;NaN
135;3;COCHABAMBA;30801;CLIZA                         ;0,971108762;0,795440714;0,795440714;0,797414512;0,862374272;NaN;NaN;NaN;NaN;NaN
136;3;COCHABAMBA;30802;TOCO                          ;0,450591163;0,648110577;0,648110577;0,598730724;0,582770808;NaN;NaN;NaN;NaN;NaN
137;3;COCHABAMBA;30803;TOLATA                        ;0,59149941;0,778288697;0,778288697;0,739374262;0,867736979;NaN;NaN;NaN;NaN;NaN
138;3;COCHABAMBA;30901;QUILLACOLLO                   ;1,032,303,621;0,992123235;0,993633776;0,968558797;103,684,504;NaN;NaN;NaN;NaN;NaN
139;3;COCHABAMBA;30902;SIPE SIPE                     ;0,727689462;1,011,019,533;1,011,019,533;0,938658256;1,043,106,258;NaN;NaN;NaN;NaN;NaN
140;3;COCHABAMBA;30903;TIQUIPAYA                     ;1,096,058,842;1,023,451,703;1,022,679,286;0,955479061;1,076,049,205;NaN;NaN;NaN;NaN;NaN
141;3;COCHABAMBA;30904;VINTO                         ;0,840429652;0,861280006;0,858874196;0,869299373;0,838484254;NaN;NaN;NaN;NaN;NaN
142;3;COCHABAMBA;30905;COLCAPIRHUA                   ;0,493787724;0,765824367;0,774067901;0,703997857;0,71537579;NaN;NaN;NaN;NaN;NaN
143;3;COCHABAMBA;31001;SACABA                        ;0,743887057;0,708798045;0,706378113;0,691374535;0,723341205;NaN;NaN;NaN;NaN;NaN
144;3;COCHABAMBA;31002;COLOMI                        ;0,815917405;0,896852911;0,894665465;0,905602696;0,924994405;NaN;NaN;NaN;NaN;NaN
145;3;COCHABAMBA;31003;VILLA TUNARI                  ;1,134,844,314;103,145,934;1,023,092,926;1,036,837,749;1,078,115,798;NaN;NaN;NaN;NaN;NaN
146;3;COCHABAMBA;31101;TAPACARI                      ;0,759976387;0,892839392;0,898153912;0,859180764;0,754444271;NaN;NaN;NaN;NaN;NaN
147;3;COCHABAMBA;31201;TOTORA(CBBA)                  ;105,510,739;0,989519633;0,986667992;0,943893368;0,982467443;NaN;NaN;NaN;NaN;NaN
148;3;COCHABAMBA;31202;POJO (CBBA)                   ;0,783734847;0,917965677;0,909305624;0,87466541;1,004,692,844;NaN;NaN;NaN;NaN;NaN
149;3;COCHABAMBA;31203;POCONA                        ;0,682834703;0,867940496;0,859713572;0,8350328;0,925494802;NaN;NaN;NaN;NaN;NaN
150;3;COCHABAMBA;31204;CHIMORE                       ;0,488076015;0,927155983;0,919618129;0,815972643;1,016,504,107;NaN;NaN;NaN;NaN;NaN
151;3;COCHABAMBA;31205;PUERTO VILLARROEL             ;143,573,646;1,084,555,687;1,082,731,371;108,729,216;1,154,468,246;NaN;NaN;NaN;NaN;NaN
152;3;COCHABAMBA;31206;ENTRE RIOS CBBA               ;0,638090818;1,115,655,643;1,115,655,643;1,018,002,332;1,181,109,852;NaN;NaN;NaN;NaN;NaN
153;3;COCHABAMBA;31301;MIZQUE                        ;0,942465395;0,939248789;0,913515946;0,91029934;1,069,394,299;NaN;NaN;NaN;NaN;NaN
154;3;COCHABAMBA;31302;VILA VILA                     ;0,728788077;0,797111959;0,797111959;0,835069671;0,632864085;NaN;NaN;NaN;NaN;NaN
155;3;COCHABAMBA;31303;ALALAY                        ;0,530582556;0,517641518;0,517641518;0,530582556;0,558928912;NaN;NaN;NaN;NaN;NaN
156;3;COCHABAMBA;31401;PUNATA                        ;1,377,069,701;0,834229121;0,832749991;0,917060381;0,82152344;NaN;NaN;NaN;NaN;NaN
157;3;COCHABAMBA;31402;VILLA RIVERO                  ;0,584131856;0,808396765;0,808396765;0,766673061;0,838148025;NaN;NaN;NaN;NaN;NaN
158;3;COCHABAMBA;31403;SAN BENITO                    ;0,431545126;0,593374548;0,593374548;0,569399819;0,689287533;NaN;NaN;NaN;NaN;NaN
159;3;COCHABAMBA;31404;TACACHI                       ;0,460313426;0,460313426;0,460313426;0,394554366;0,561402003;NaN;NaN;NaN;NaN;NaN
160;3;COCHABAMBA;31405;CUCHUMUELA (V. G. VILLARROEL) ;0,250138043;0,312672554;0,265771671;0,297038926;0,392540973;NaN;NaN;NaN;NaN;NaN
161;3;COCHABAMBA;31501;BOLIVAR                       ;0,649801875;0,734822681;0,734822681;0,728749767;0,56120193;NaN;NaN;NaN;NaN;NaN
162;3;COCHABAMBA;31601;TIRAQUE (CBBA)                ;0,737079119;0,766065377;0,766065377;0,776417612;0,756952778;NaN;NaN;NaN;NaN;NaN
163;3;COCHABAMBA;31602;SHINAOTA                      ;1,039,375,677;1,007,209,312;1,005,198,914;0,942876581;1,009,705,057;NaN;NaN;NaN;NaN;NaN
164;4;ORURO     ;40101;ORURO                         ;1,574,549,831;1,119,212,631;1,115,593,373;1,133,862,011;0,983173522;NaN;NaN;NaN;NaN;NaN
165;4;ORURO     ;40102;CARACOLLO                     ;0,649548262;0,682127485;0,682127485;0,710634305;0,6818426;NaN;NaN;NaN;NaN;NaN
166;4;ORURO     ;40103;EL CHORO                      ;0,300670605;0,536195913;0,526173559;0,486084145;0,490258585;NaN;NaN;NaN;NaN;NaN
167;4;ORURO     ;40104;SORACACHI                     ;0,555645841;0,68593521;0,68593521;0,662942969;0,676405977;NaN;NaN;NaN;NaN;NaN
168;4;ORURO     ;40201;CHALLAPATA                    ;1,405,644,016;1,092,190,298;1,103,618,299;110,525,087;1,144,461,097;NaN;NaN;NaN;NaN;NaN
169;4;ORURO     ;40202;SANTUARIO DE QUILLACAS        ;0,72511779;0,929057169;0,929057169;0,917727203;0,834276877;NaN;NaN;NaN;NaN;NaN
170;4;ORURO     ;40301;CORQUE                        ;0,399833263;0,522858883;0,517732815;0,451093938;0,542914326;NaN;NaN;NaN;NaN;NaN
171;4;ORURO     ;40302;CHOQUE COTA                   ;0,227198086;0,378663477;0,378663477;0,328175013;0,509253992;NaN;NaN;NaN;NaN;NaN
172;4;ORURO     ;40401;CURAHUARA DE CARANGAS         ;0,776534936;0,946401954;0,946401954;0,764401578;0,881195485;NaN;NaN;NaN;NaN;NaN
173;4;ORURO     ;40402;TURCO                         ;0,316532285;0,448420736;0,43083561;0,466005863;0,292664077;NaN;NaN;NaN;NaN;NaN
174;4;ORURO     ;40501;HUACHACALLA                   ;0,759738441;0,712254788;0,712254788;0,807222093;0,431154302;NaN;NaN;NaN;NaN;NaN
175;4;ORURO     ;40502;ESCARA                        ;0;0,055019157;0,055019157;0,033011494;0;NaN;NaN;NaN;NaN;NaN
176;4;ORURO     ;40503;CRUZ DE MACHACAMARCA          ;0,04055539;0,101388474;0,101388474;0,081110779;0,040905154;NaN;NaN;NaN;NaN;NaN
177;4;ORURO     ;40504;YUNGUYO DE LITORAL            ;0,181503676;0,363007353;0,363007353;0,363007353;0,274615023;NaN;NaN;NaN;NaN;NaN
178;4;ORURO     ;40505;ESMERALDA                     ;0,017204132;0,068816529;0,068816529;0,068816529;0,086763622;NaN;NaN;NaN;NaN;NaN
179;4;ORURO     ;40601;POOPO                         ;0,427930856;0,576776371;0,551968785;0,520959303;0,669344544;NaN;NaN;NaN;NaN;NaN
180;4;ORURO     ;40602;PAZÑA                         ;0,547647623;0,817502974;0,809566052;0,809566052;0,928624894;NaN;NaN;NaN;NaN;NaN
181;4;ORURO     ;40603;ANTEQUERA                     ;0,625025505;0,744077982;0,744077982;0,639907065;0,705487414;NaN;NaN;NaN;NaN;NaN
182;4;ORURO     ;40701;HUANUNI                       ;0,811075022;0,948105962;0,948105962;0,999955507;1,044,134,083;NaN;NaN;NaN;NaN;NaN
183;4;ORURO     ;40702;MACHACAMARCA                  ;0,37925871;0,564025774;0,554301191;0,564025774;0,568884761;NaN;NaN;NaN;NaN;NaN
184;4;ORURO     ;40801;SALINAS DE GARCI MENDOZA      ;0,649897062;0,816149799;0,812371327;0,793478971;0,849906801;NaN;NaN;NaN;NaN;NaN
185;4;ORURO     ;40802;PAMPA AULLAGAS                ;0,826775886;1,118,579,139;1,167,213,015;1,069,945,264;1,128,294,748;NaN;NaN;NaN;NaN;NaN
186;4;ORURO     ;40901;SABAYA                        ;0,237694193;0,278276128;0,278276128;0,284073547;0,362554756;NaN;NaN;NaN;NaN;NaN
187;4;ORURO     ;40902;COIPASA                       ;0,516191506;0,464572356;0,464572356;0,464572356;0,989279591;NaN;NaN;NaN;NaN;NaN
188;4;ORURO     ;40903;CHIPAYA                       ;0,774239971;0,774239971;0,774239971;0,774239971;0,757263637;NaN;NaN;NaN;NaN;NaN
189;4;ORURO     ;41001;TOLEDO                        ;0,22775044;0,357255592;0,343858507;0,259010304;0,387370003;NaN;NaN;NaN;NaN;NaN
190;4;ORURO     ;41101;EUCALIPTUS                    ;0,692488503;0,803286664;0,803286664;0,849452564;0,549468444;NaN;NaN;NaN;NaN;NaN
191;4;ORURO     ;41201;ANDAMARCA                     ;0,432415415;0,567545232;0,558536577;0,567545232;0,472498312;NaN;NaN;NaN;NaN;NaN
192;4;ORURO     ;41202;BELEN DE ANDAMARCA            ;0,369434615;0,692689904;0,66960024;0,646510577;0,791851796;NaN;NaN;NaN;NaN;NaN
193;4;ORURO     ;41301;TOTORA(ORR)                   ;0,467061524;0,602933968;0,602933968;0,577457884;0,531065666;NaN;NaN;NaN;NaN;NaN
194;4;ORURO     ;41401;SANTIAGO DE HUARI             ;0,424674042;0,534059781;0,534059781;0,421456815;0,509514564;NaN;NaN;NaN;NaN;NaN
195;4;ORURO     ;41501;LA RIVERA                     ;0;0,268912181;0,268912181;0,358549575;0,180822218;NaN;NaN;NaN;NaN;NaN
196;4;ORURO     ;41502;TODOS SANTOS                  ;0,284953501;0,512916302;0,512916302;0,398934902;0,172465202;NaN;NaN;NaN;NaN;NaN
197;4;ORURO     ;41503;CARANGAS                      ;0,221891884;0,388310797;0,388310797;0,388310797;0,22380663;NaN;NaN;NaN;NaN;NaN
198;4;ORURO     ;41601;HUAYLLAMARCA                  ;0,478334322;0,495417691;0,495417691;0,469792638;0,491109296;NaN;NaN;NaN;NaN;NaN
199;5;POTOSI    ;50101;POTOSI                        ;1,246,218,071;0,976008927;0,96866305;1,030,209,586;0,939141303;NaN;NaN;NaN;NaN;NaN
200;5;POTOSI    ;50102;TINGUIPAYA                    ;0,602586575;0,666308374;0,673234656;0,64414427;0,686286535;NaN;NaN;NaN;NaN;NaN
201;5;POTOSI    ;50103;YOCALLA                       ;0,551417464;0,628960544;0,624652596;0,594496953;0,688292275;NaN;NaN;NaN;NaN;NaN
202;5;POTOSI    ;50104;BELEN DE URMIRI               ;0,383546984;0,462901533;0,462901533;0,489353049;0,465286351;NaN;NaN;NaN;NaN;NaN
203;5;POTOSI    ;50201;UNCIA                         ;0,828050016;0,878498441;0,87675884;0,859362832;0,968384572;NaN;NaN;NaN;NaN;NaN
204;5;POTOSI    ;50202;CHAYANTA                      ;0,8103052;0,752768736;0,755166089;0,724000504;0,79971583;NaN;NaN;NaN;NaN;NaN
205;5;POTOSI    ;50203;LLALLAGUA                     ;1,054,392,268;1,029,515,499;0,980718761;1,024,731,505;0,952669244;NaN;NaN;NaN;NaN;NaN
206;5;POTOSI    ;50204;CHUQUIHUTA AYLLU JUCUMANI     ;0,856374723;0,686981921;0,705803343;0,701097988;0,931512347;NaN;NaN;NaN;NaN;NaN
207;5;POTOSI    ;50301;BETANZOS                      ;0,640038451;0,683106459;0,68669546;0,691480794;0,716420129;NaN;NaN;NaN;NaN;NaN
208;5;POTOSI    ;50302;CHAQUI                        ;0,521723805;0,688994032;0,688994032;0,629254665;0,648213494;NaN;NaN;NaN;NaN;NaN
209;5;POTOSI    ;50303;TACOBAMBA                     ;0,549154874;0,627605571;0,627605571;0,600318372;0,603261056;NaN;NaN;NaN;NaN;NaN
210;5;POTOSI    ;50401;COLQUECHACA                   ;0,897804951;0,819442923;0,809367805;0,7936954;0,727843948;NaN;NaN;NaN;NaN;NaN
211;5;POTOSI    ;50402;RAVELO                        ;0,609594895;0,607689911;0,603879943;0,565780262;0,616366856;NaN;NaN;NaN;NaN;NaN
212;5;POTOSI    ;50403;POCOATA                       ;0,654799433;0,595272212;0,598106842;0,640626285;0,581052621;NaN;NaN;NaN;NaN;NaN
213;5;POTOSI    ;50404;OCURI                         ;0,699091388;0,732139345;0,729597194;0,742307947;0,720405077;NaN;NaN;NaN;NaN;NaN
214;5;POTOSI    ;50501;SAN PEDRO DE BUENA VISTA      ;0,969420285;0,918807981;0,918807981;0,970718037;0,938912614;NaN;NaN;NaN;NaN;NaN
215;5;POTOSI    ;50502;TORO TORO                     ;0,986334137;0,982707908;0,982707908;0,946445624;1,078,515,399;NaN;NaN;NaN;NaN;NaN
216;5;POTOSI    ;50601;COTAGAITA                     ;0,340819316;0,451982605;0,45076103;0,445874732;0,467624057;NaN;NaN;NaN;NaN;NaN
217;5;POTOSI    ;50602;VITICHI                       ;0,540488154;0,608521628;0,608521628;0,597182715;0,573359643;NaN;NaN;NaN;NaN;NaN
218;5;POTOSI    ;50701;SACACA                        ;0,920172176;0,895634252;0,895634252;0,879275635;0,854756217;NaN;NaN;NaN;NaN;NaN
219;5;POTOSI    ;50702;CARIPUYO                      ;0,716871934;0,831755257;0,831755257;0,776611262;0,835844489;NaN;NaN;NaN;NaN;NaN
220;5;POTOSI    ;50801;TUPIZA                        ;0,918312567;0,798119114;0,789472103;0,811954332;0,777570436;NaN;NaN;NaN;NaN;NaN
221;5;POTOSI    ;50802;ATOCHA                        ;0,467765126;0,77164174;0,764813052;0,723840925;0,806288456;NaN;NaN;NaN;NaN;NaN
222;5;POTOSI    ;50901;"COLCHA ""K""                    ";0,531524378;0,75607211;0,75607211;0,690697454;0,876976353;NaN;NaN;NaN;NaN;NaN
223;5;POTOSI    ;50902;SAN PEDRO DE QUEMES           ;0,316458795;0,21097253;0,21097253;0,42194506;0,353376807;NaN;NaN;NaN;NaN;NaN
224;5;POTOSI    ;51001;SAN PABLO DE LIPEZ            ;0,549480917;0,450574352;0,450574352;0,461563971;0,441771754;NaN;NaN;NaN;NaN;NaN
225;5;POTOSI    ;51002;MOJINETE                      ;0,239375842;0,628361586;0,628361586;0,538595645;0,661407193;NaN;NaN;NaN;NaN;NaN
226;5;POTOSI    ;51003;SAN ANTONIO DE ESMORUCO       ;0,549681647;0,71135272;0,71135272;0,679018506;0,990870792;NaN;NaN;NaN;NaN;NaN
227;5;POTOSI    ;51101;PUNA                          ;0,511791009;0,592503569;0,588834816;0,642031731;0,665303983;NaN;NaN;NaN;NaN;NaN
228;5;POTOSI    ;51102;"CAIZA ""D""                     ";0,433698047;0,593832711;0,59716885;0,600504988;0,52961202;NaN;NaN;NaN;NaN;NaN
229;5;POTOSI    ;51103;CKOCHAS                       ;0,724348271;0,711595661;0,665686264;0,724348271;0,686811066;NaN;NaN;NaN;NaN;NaN
230;5;POTOSI    ;51201;UYUNI                         ;0,918503181;0,761566876;0,762783437;0,77129936;0,660075634;NaN;NaN;NaN;NaN;NaN
231;5;POTOSI    ;51202;TOMAVE                        ;0,563410389;0,667264839;0,656879394;0,698421173;0,798271865;NaN;NaN;NaN;NaN;NaN
232;5;POTOSI    ;51203;PORCO                         ;0,83656431;0,927495213;0,916583504;101,478,888;0,844273207;NaN;NaN;NaN;NaN;NaN
233;5;POTOSI    ;51301;ARAMPAMPA                     ;0,798281028;0,867268278;0,867268278;0,896834242;0,871478522;NaN;NaN;NaN;NaN;NaN
234;5;POTOSI    ;51302;ACACIO                        ;0,53342755;0,62868247;0,62868247;0,508026238;0,657208833;NaN;NaN;NaN;NaN;NaN
235;5;POTOSI    ;51401;LLICA                         ;0,703925174;0,67752798;0,668728915;0,598336398;0,56591002;NaN;NaN;NaN;NaN;NaN
236;5;POTOSI    ;51402;TAHUA                         ;0,247511336;0,569276074;0,495022673;0,445520406;0,522305139;NaN;NaN;NaN;NaN;NaN
237;5;POTOSI    ;51501;VILLAZON                      ;0,689591078;0,783704004;0,782848432;0,745203262;0,797720726;NaN;NaN;NaN;NaN;NaN
238;5;POTOSI    ;51601;SAN AGUSTIN                   ;0,702964088;0,609235543;0,609235543;0,585803407;0,682757185;NaN;NaN;NaN;NaN;NaN
239;6;TARIJA    ;60101;TARIJA                        ;1,164,801,099;0,89302681;0,892268723;0,886393547;0,809222388;NaN;NaN;NaN;NaN;NaN
240;6;TARIJA    ;60201;PADCAYA                       ;0,374956014;0,9224378;0,9224378;0,777516151;0,754149635;NaN;NaN;NaN;NaN;NaN
241;6;TARIJA    ;60202;BERMEJO                       ;0,972160726;0,994468762;0,932241083;0,922848226;0,862544393;NaN;NaN;NaN;NaN;NaN
242;6;TARIJA    ;60301;YACUIBA                       ;0,995593704;0,986268339;0,982715819;1,014,688,498;0,932522031;NaN;NaN;NaN;NaN;NaN
243;6;TARIJA    ;60302;CARAPARI                      ;0,427982966;0,927739472;0,967613661;0,869257328;0,98581915;NaN;NaN;NaN;NaN;NaN
244;6;TARIJA    ;60303;VILLA MONTES                  ;1,189,775,157;1,155,809,309;115,969,112;1,156,779,762;1,033,040,412;NaN;NaN;NaN;NaN;NaN
245;6;TARIJA    ;60401;URIONDO (A. CONCEPCION)       ;0,380093266;0,839609006;0,825426422;0,853791591;0,907226153;NaN;NaN;NaN;NaN;NaN
246;6;TARIJA    ;60402;YUNCHARA                      ;0,541679475;0,882163716;0,882163716;0,812519212;0,88945199;NaN;NaN;NaN;NaN;NaN
247;6;TARIJA    ;60501;SAN LORENZO(TJA)              ;0,212808697;0,685523098;0,682034431;0,683778764;0,645077154;NaN;NaN;NaN;NaN;NaN
248;6;TARIJA    ;60502;EL PUENTE(TJA)                ;0,596134581;0,829404634;0,821999235;0,84791813;0,777180082;NaN;NaN;NaN;NaN;NaN
249;6;TARIJA    ;60601;ENTRE RIOS  TRJ               ;0,53626818;0,88625373;0,880608801;0,856147446;0,900887768;NaN;NaN;NaN;NaN;NaN
250;7;SANTA CRUZ;70101;SANTA CRUZ DE LA SIERRA       ;105,549,764;0,8431275;0,836952324;0,874232089;0,830820835;NaN;NaN;NaN;NaN;NaN
251;7;SANTA CRUZ;70102;COTOCA                        ;1,100,495,074;1,263,591,189;1,237,754,181;1,230,487,523;1,242,214,273;NaN;NaN;NaN;NaN;NaN
252;7;SANTA CRUZ;70103;PORONGO                       ;0,315320758;0,583836091;0,566591987;0,512396232;0,585564822;NaN;NaN;NaN;NaN;NaN
253;7;SANTA CRUZ;70104;LA GUARDIA                    ;0,476526117;0,710431767;0,714963472;0,702065544;0,749581158;NaN;NaN;NaN;NaN;NaN
254;7;SANTA CRUZ;70105;EL TORNO                      ;0,868472557;0,906327187;0,898319477;0,960197236;0,992958864;NaN;NaN;NaN;NaN;NaN
255;7;SANTA CRUZ;70201;WARNES                        ;0,685840579;0,841656549;0,839153482;0,846662685;0,862649956;NaN;NaN;NaN;NaN;NaN
256;7;SANTA CRUZ;70202;OKINAWA                       ;0,693586664;0,904678258;0,901662664;0,883569099;0,943639395;NaN;NaN;NaN;NaN;NaN
257;7;SANTA CRUZ;70301;SAN IGNACIO DE VELASCO        ;1,138,573,728;0,910718764;0,910718764;0,96680614;1,027,311,561;NaN;NaN;NaN;NaN;NaN
258;7;SANTA CRUZ;70302;SAN MIGUEL DE VELASCO         ;0,567128666;0,790644082;0,793980133;0,813996439;0,970306416;NaN;NaN;NaN;NaN;NaN
259;7;SANTA CRUZ;70303;SAN RAFAEL                    ;0,412584234;0,741455725;0,741455725;0,783312097;0,803628719;NaN;NaN;NaN;NaN;NaN
260;7;SANTA CRUZ;70401;BUENA VISTA                   ;0,401175066;0,883791687;0,871726271;0,907922518;0,995326503;NaN;NaN;NaN;NaN;NaN
261;7;SANTA CRUZ;70402;SAN CARLOS                    ;0,902091081;0,972192229;0,97772653;0,962968393;1,030,573,171;NaN;NaN;NaN;NaN;NaN
262;7;SANTA CRUZ;70403;YAPACANI                      ;0,874169692;0,822946179;0,824294166;0,850579916;0,870007113;NaN;NaN;NaN;NaN;NaN
263;7;SANTA CRUZ;70404;SAN JUAN DE YAPACANI          ;0,514407589;0,877758981;0,877758981;0,92675018;0,945889361;NaN;NaN;NaN;NaN;NaN
264;7;SANTA CRUZ;70501;SAN JOSE DE CHIQUITOS         ;0,833207469;0,72920261;0,725696828;0,680121665;1,006,797,644;NaN;NaN;NaN;NaN;NaN
265;7;SANTA CRUZ;70502;PAILON                        ;1,076,753,999;0,837687836;0,844381689;0,810912426;1,075,136,136;NaN;NaN;NaN;NaN;NaN
266;7;SANTA CRUZ;70503;ROBORE                        ;0,780249234;0,782718377;0,748150373;0,733335515;0,824661065;NaN;NaN;NaN;NaN;NaN
267;7;SANTA CRUZ;70601;PORTACHUELO                   ;1,037,388,528;10,925,462;1,094,667,649;1,175,282,708;1,072,366,174;NaN;NaN;NaN;NaN;NaN
268;7;SANTA CRUZ;70602;SANTA ROSA DEL SARA           ;0,404995322;0,660483025;0,658590524;0,656698022;0,694721483;NaN;NaN;NaN;NaN;NaN
269;7;SANTA CRUZ;70603;COLPA BELGICA                 ;0,599167742;0,953514257;0,953514257;0,99217024;1,033,877,978;NaN;NaN;NaN;NaN;NaN
270;7;SANTA CRUZ;70701;LAGUNILLAS                    ;0,586832386;1,044,847,907;1,044,847,907;1,044,847,907;1,076,656,118;NaN;NaN;NaN;NaN;NaN
271;7;SANTA CRUZ;70702;CHARAGUA                      ;1,000,568,472;1,005,065,409;1,005,065,409;0,818442526;1,165,879,305;NaN;NaN;NaN;NaN;NaN
272;7;SANTA CRUZ;70703;CABEZAS                       ;0,951950577;10,521,559;10,521,559;0,840611328;1,173,927,121;NaN;NaN;NaN;NaN;NaN
273;7;SANTA CRUZ;70704;CUEVO                         ;0,404256292;0,694100427;0,694100427;0,694100427;0,872084824;NaN;NaN;NaN;NaN;NaN
274;7;SANTA CRUZ;70705;GUTIERREZ                     ;1,040,268,927;1,018,724,896;1,012,569,459;1,040,268,927;0,926013388;NaN;NaN;NaN;NaN;NaN
275;7;SANTA CRUZ;70706;CAMIRI                        ;1,240,634,684;0,962931197;0,93132267;0,947126933;0,992915955;NaN;NaN;NaN;NaN;NaN
276;7;SANTA CRUZ;70707;BOYUIBE                       ;0,513317105;0,722981838;0,722981838;0,708522202;0,819381507;NaN;NaN;NaN;NaN;NaN
277;7;SANTA CRUZ;70801;VALLEGRANDE                   ;0,814988822;0,679157352;0,676930606;0,652436407;0,70795416;NaN;NaN;NaN;NaN;NaN
278;7;SANTA CRUZ;70802;TRIGAL                        ;0,306822491;0,306822491;0,306822491;0,342919255;0,362029634;NaN;NaN;NaN;NaN;NaN
279;7;SANTA CRUZ;70803;MORO MORO                     ;0,363949219;0,524086875;0,524086875;0,567760781;0,56943161;NaN;NaN;NaN;NaN;NaN
280;7;SANTA CRUZ;70804;POSTRER VALLE                 ;0,212284405;0,293932254;0,293932254;0,244943545;0,39307214;NaN;NaN;NaN;NaN;NaN
281;7;SANTA CRUZ;70805;PUCARA                        ;0,097051708;0,349386148;0,349386148;0,329975806;0,42829184;NaN;NaN;NaN;NaN;NaN
282;7;SANTA CRUZ;70901;SAMAIPATA                     ;0,335332344;0,645424618;0,649030342;0,605761653;0,744977891;NaN;NaN;NaN;NaN;NaN
283;7;SANTA CRUZ;70902;PAMPA GRANDE                  ;0,584510342;0,754992525;0,771228923;0,734697027;0,87121219;NaN;NaN;NaN;NaN;NaN
284;7;SANTA CRUZ;70903;MAIRANA                       ;1,074,549,761;0,873071681;0,873071681;0,851863462;0,928829377;NaN;NaN;NaN;NaN;NaN
285;7;SANTA CRUZ;70904;QUIRUSILLAS                   ;0,117415683;0,34050548;0,34050548;0,293539207;0,353284129;NaN;NaN;NaN;NaN;NaN
286;7;SANTA CRUZ;71001;MONTERO                       ;1,305,332,064;0,932142678;0,928154902;0,984980712;0,973210463;NaN;NaN;NaN;NaN;NaN
287;7;SANTA CRUZ;71002;GENERAL SAAVEDRA              ;0,647632066;1,109,035,169;0,864435934;0,85887686;0,903227919;NaN;NaN;NaN;NaN;NaN
288;7;SANTA CRUZ;71003;MINEROS                       ;0,023987234;0,131130212;0,127931914;0,11833702;0,120290304;NaN;NaN;NaN;NaN;NaN
289;7;SANTA CRUZ;71004;FERNANDEZ ALONSO              ;0,34655708;0,515088263;0,517461941;0,600540693;0,452349271;NaN;NaN;NaN;NaN;NaN
290;7;SANTA CRUZ;71005;SAN PEDRO                     ;0,305120574;0,500321935;0,498426776;0,454838123;0,467609011;NaN;NaN;NaN;NaN;NaN
291;7;SANTA CRUZ;71101;CONCEPCION                    ;0,933003896;0,957960791;0,956041029;0,952201507;1,033,970,794;NaN;NaN;NaN;NaN;NaN
292;7;SANTA CRUZ;71102;SAN JAVIER(STC)               ;1,017,463,343;0,786221674;0,886879813;0,892320793;0,870409957;NaN;NaN;NaN;NaN;NaN
293;7;SANTA CRUZ;71103;SAN RAMON SCZ                 ;0,778413576;1,148,160,025;1,157,890,195;1,196,810,874;0,98078412;NaN;NaN;NaN;NaN;NaN
294;7;SANTA CRUZ;71104;SAN JULIAN                    ;0,718060838;0,889593468;0,887365772;0,894791427;0,903396107;NaN;NaN;NaN;NaN;NaN
295;7;SANTA CRUZ;71105;SAN ANTONIO DE LOMERIO        ;0,619508652;0,643108982;0,6372089;0,625408735;0,727852664;NaN;NaN;NaN;NaN;NaN
296;7;SANTA CRUZ;71106;CUATRO CAÑADAS                ;0,678102072;0,849211941;0,849211941;0,8729772;0,907336416;NaN;NaN;NaN;NaN;NaN
297;7;SANTA CRUZ;71201;SAN MATIAS                    ;1,009,740,598;0,837090651;0,842322467;0,965270157;0,949757037;NaN;NaN;NaN;NaN;NaN
298;7;SANTA CRUZ;71301;COMARAPA                      ;0,944996358;0,904530519;0,906910863;0,914051893;0,962098559;NaN;NaN;NaN;NaN;NaN
299;7;SANTA CRUZ;71302;SAIPINA                       ;0,261032703;0,541401163;0,541401163;0,526899346;0,664212805;NaN;NaN;NaN;NaN;NaN
300;7;SANTA CRUZ;71401;PUERTO SUAREZ                 ;0,772043615;0,718608615;0,683599477;0,705710512;0,789118081;NaN;NaN;NaN;NaN;NaN
301;7;SANTA CRUZ;71402;PUERTO QUIJARRO               ;0,691072283;0,839001494;0,841209393;0,847833089;0,82598149;NaN;NaN;NaN;NaN;NaN
302;7;SANTA CRUZ;71403;CARMEN RIVERO TORREZ          ;0,667949116;0,96481539;0,96481539;0,862053987;0,847442515;NaN;NaN;NaN;NaN;NaN
303;7;SANTA CRUZ;71501;ASCENCION DE GUARAYOS         ;1,035,612,634;0,982136415;0,979527819;0,973006329;102,951,595;NaN;NaN;NaN;NaN;NaN
304;7;SANTA CRUZ;71502;URUBICHA                      ;0,550333225;0,763525375;0,778399246;0,768483332;0,895063351;NaN;NaN;NaN;NaN;NaN
305;7;SANTA CRUZ;71503;EL PUENTE(STC)                ;0,350060719;0,588620616;0,611957997;0,521201515;0,788040345;NaN;NaN;NaN;NaN;NaN
306;8;BENI      ;80101;TRINIDAD                      ;1,370,355,945;0,970597368;0,977111444;0,953455062;0,947944675;NaN;NaN;NaN;NaN;NaN
307;8;BENI      ;80102;SAN JAVIER(BNI)               ;0,303872995;0,565345107;0,586545548;0,551211479;1,095,454,341;NaN;NaN;NaN;NaN;NaN
308;8;BENI      ;80201;RIBERALTA                     ;1,465,384,009;1,292,416,511;129,157,482;1,113,557,177;1,261,686,097;NaN;NaN;NaN;NaN;NaN
309;8;BENI      ;80202;GUAYARAMERIN                  ;1,213,064,515;1,056,954,774;1,056,036,482;0,98808283;1,026,648,604;NaN;NaN;NaN;NaN;NaN
310;8;BENI      ;80301;REYES                         ;0,972876837;1,075,887,325;1,075,887,325;0,944262812;0,99291378;NaN;NaN;NaN;NaN;NaN
311;8;BENI      ;80302;SAN BORJA                     ;1,293,786,395;1,149,001,117;1,114,661,019;1,082,177,143;1,109,089,924;NaN;NaN;NaN;NaN;NaN
312;8;BENI      ;80303;SANTA ROSA                    ;107,284,848;0,820649024;0,816645858;0,848671186;1,116,880,665;NaN;NaN;NaN;NaN;NaN
313;8;BENI      ;80304;RURRENABAQUE                  ;1,134,734,798;0,811857956;0,811857956;0,746536051;0,838011511;NaN;NaN;NaN;NaN;NaN
314;8;BENI      ;80401;SANTA ANA                     ;1,092,165,558;0,998123906;0,998123906;0,970338872;1,008,791,345;NaN;NaN;NaN;NaN;NaN
315;8;BENI      ;80402;EXALTACION                    ;0,102995396;0,15752237;0,163580923;0,181756581;0,236287134;NaN;NaN;NaN;NaN;NaN
316;8;BENI      ;80501;SAN IGNACIO                   ;1,064,145,997;0,94631041;0,977128948;0,895550464;1,080,479,997;NaN;NaN;NaN;NaN;NaN
317;8;BENI      ;80601;LORETO                        ;0,991230995;1,161,442,378;1,141,417,509;1,211,504,549;1,752,216,222;NaN;NaN;NaN;NaN;NaN
318;8;BENI      ;80602;SAN ANDRES                    ;0,241672424;0,706662404;0,685248392;0,740312995;0,669979837;NaN;NaN;NaN;NaN;NaN
319;8;BENI      ;80701;SAN JOAQUIN                   ;0,489883294;0,812883268;0,764433272;0,656766614;0,796782555;NaN;NaN;NaN;NaN;NaN
320;8;BENI      ;80702;SAN RAMON BENI                ;0,58542085;0,874228469;0,874228469;0,897645303;1,100,651,239;NaN;NaN;NaN;NaN;NaN
321;8;BENI      ;80703;PUERTO SILES                  ;0,203928261;0,652570434;0,611784782;1,019,641,303;1,264,450,111;NaN;NaN;NaN;NaN;NaN
322;8;BENI      ;80801;MAGDALENA                     ;0,864658205;1,048,767,937;1,058,630,958;1,012,603,525;0,979753312;NaN;NaN;NaN;NaN;NaN
323;8;BENI      ;80802;BAURES                        ;0,698294693;0,72415746;0,72415746;0,672431927;0,808283263;NaN;NaN;NaN;NaN;NaN
324;8;BENI      ;80803;HUARACAJE                     ;0,377857419;0,7188507;0,709634666;0,801795012;0,903226203;NaN;NaN;NaN;NaN;NaN
325;9;PANDO     ;90101;COBIJA                        ;122,302,526;0,970028739;0,96940251;0,932454998;0,977049728;NaN;NaN;NaN;NaN;NaN
326;9;PANDO     ;90102;PORVENIR                      ;0,273214216;0,478124879;0,478124879;0,482142735;0,607711801;NaN;NaN;NaN;NaN;NaN
327;9;PANDO     ;90103;BOLPEBRA                      ;0,145497727;0,484992425;0,484992425;0,436493182;0,525161086;NaN;NaN;NaN;NaN;NaN
328;9;PANDO     ;90104;BELLA FLOR                    ;0,20020241;0,618807449;0,627907558;0,60060723;0,637415327;NaN;NaN;NaN;NaN;NaN
329;9;PANDO     ;90201;PUERTO RICO                   ;0,715335803;0,824547375;0,824547375;0,797244482;113,080,989;NaN;NaN;NaN;NaN;NaN
330;9;PANDO     ;90202;SAN PEDRO(PND)                ;0,229464207;0,229464207;0,229464207;0,263883839;0,267874156;NaN;NaN;NaN;NaN;NaN
331;9;PANDO     ;90203;FILADELFIA                    ;0,478535377;0,797558962;0,785288824;0,644182238;1,015,161,705;NaN;NaN;NaN;NaN;NaN
332;9;PANDO     ;90301;PUERTO GONZALO MORENO         ;0,498816945;0,786270778;0,777816254;0,689043747;0,785279838;NaN;NaN;NaN;NaN;NaN
333;9;PANDO     ;90302;SAN LORENZO(PND)              ;0,684270477;0,809496447;0,827385871;0,576933932;0,962468927;NaN;NaN;NaN;NaN;NaN
334;9;PANDO     ;90303;SENA                          ;0,525704613;0,575955789;0,575955789;0,564359364;0,596436507;NaN;NaN;NaN;NaN;NaN
335;9;PANDO     ;90401;NACEBE (SANTA ROSA DEL ABUNA) ;0,580374481;1,130,986,168;1,145,867,564;1,011,934,992;1,389,845,167;NaN;NaN;NaN;NaN;NaN
336;9;PANDO     ;90402;INGAVI (HUMAITA)              ;0,484451356;1,011,028,918;1,011,028,918;0,674019278;0,769758034;NaN;NaN;NaN;NaN;NaN
337;9;PANDO     ;90501;NUEVO MANOA (NUEVA ESPERANZA) ;0,525350853;0,95219842;0,95219842;0,804443493;1,033,316,748;NaN;NaN;NaN;NaN;NaN
338;9;PANDO     ;90502;VILLA NUEVA (LOMA ALTA)       ;0,532308494;0,737973139;0,75007106;0,75007106;0,822810561;NaN;NaN;NaN;NaN;NaN
339;9;PANDO     ;90503;EUREKA (SANTOS MERCADO)       ;0,467893111;0,811014726;0,748628978;0,452296674;0,680812888;NaN;NaN;NaN;NaN;NaN
